Workbook
Name EmployeeTable: HR_Data!$A$1:INDEX(HR_Data!$G:$G,COUNTA(HR_Data!$A:$A))
Name Slicer_Department: #N/A
Name Slicer_HMO_Status: #N/A

Sheet HR_Data
A1: Staff ID | B1: Employee | C1: Department | D1: Salary | E1: KPI Score | F1: Attendance % | G1: HMO Status | H1: Performance | I1: Performance Indicators
A2: EMP001 | B2: Jeremiah | C2: HR | D2: 250000 | E2: 95 | F2: 98 | G2: Active | H2: {=_xlfn.IFS(Table1[[#This Row],[KPI Score]]>=90,"Excellent",Table1[[#This Row],[KPI Score]]>=70,"Good",Table1[[#This Row],[KPI Score]]<70,"Needs Improvement")} -> Excellent | I2: {=_xlfn.IFS(Table1[[#This Row],[KPI Score]]>=90,3,Table1[[#This Row],[KPI Score]]>=70,2,Table1[[#This Row],[KPI Score]]<70,1)} -> 3
A3: EMP002 | B3: Ada | C3: Finance | D3: 320000 | E3: 82 | F3: 96 | G3: Active | H3: {=_xlfn.IFS(Table1[[#This Row],[KPI Score]]>=90,"Excellent",Table1[[#This Row],[KPI Score]]>=70,"Good",Table1[[#This Row],[KPI Score]]<70,"Needs Improvement")} -> Good | I3: {=_xlfn.IFS(Table1[[#This Row],[KPI Score]]>=90,3,Table1[[#This Row],[KPI Score]]>=70,2,Table1[[#This Row],[KPI Score]]<70,1)} -> 2
A4: EMP003 | B4: Tunde | C4: Sales | D4: 210000 | E4: 60 | F4: 88 | G4: Pending | H4: {=_xlfn.IFS(Table1[[#This Row],[KPI Score]]>=90,"Excellent",Table1[[#This Row],[KPI Score]]>=70,"Good",Table1[[#This Row],[KPI Score]]<70,"Needs Improvement")} -> Needs Improvement | I4: {=_xlfn.IFS(Table1[[#This Row],[KPI Score]]>=90,3,Table1[[#This Row],[KPI Score]]>=70,2,Table1[[#This Row],[KPI Score]]<70,1)} -> 1
A5: EMP004 | B5: Chika | C5: Operations | D5: 280000 | E5: 45 | F5: 72 | G5: Active | H5: {=_xlfn.IFS(Table1[[#This Row],[KPI Score]]>=90,"Excellent",Table1[[#This Row],[KPI Score]]>=70,"Good",Table1[[#This Row],[KPI Score]]<70,"Needs Improvement")} -> Needs Improvement | I5: {=_xlfn.IFS(Table1[[#This Row],[KPI Score]]>=90,3,Table1[[#This Row],[KPI Score]]>=70,2,Table1[[#This Row],[KPI Score]]<70,1)} -> 1
A6: EMP005 | B6: Kemi | C6: Marketing | D6: 240000 | E6: 78 | F6: 90 | G6: Pending | H6: {=_xlfn.IFS(Table1[[#This Row],[KPI Score]]>=90,"Excellent",Table1[[#This Row],[KPI Score]]>=70,"Good",Table1[[#This Row],[KPI Score]]<70,"Needs Improvement")} -> Good | I6: {=_xlfn.IFS(Table1[[#This Row],[KPI Score]]>=90,3,Table1[[#This Row],[KPI Score]]>=70,2,Table1[[#This Row],[KPI Score]]<70,1)} -> 2
A7: EMP006 | B7: James | C7: HR | D7: 350000 | E7: 100 | F7: 99 | G7: Active | H7: {=_xlfn.IFS(Table1[[#This Row],[KPI Score]]>=90,"Excellent",Table1[[#This Row],[KPI Score]]>=70,"Good",Table1[[#This Row],[KPI Score]]<70,"Needs Improvement")} -> Excellent | I7: {=_xlfn.IFS(Table1[[#This Row],[KPI Score]]>=90,3,Table1[[#This Row],[KPI Score]]>=70,2,Table1[[#This Row],[KPI Score]]<70,1)} -> 3
A8: EMP007 | B8: Ruth | C8: Sales | D8: 180000 | E8: 52 | F8: 81 | G8: Active | H8: {=_xlfn.IFS(Table1[[#This Row],[KPI Score]]>=90,"Excellent",Table1[[#This Row],[KPI Score]]>=70,"Good",Table1[[#This Row],[KPI Score]]<70,"Needs Improvement")} -> Needs Improvement | I8: {=_xlfn.IFS(Table1[[#This Row],[KPI Score]]>=90,3,Table1[[#This Row],[KPI Score]]>=70,2,Table1[[#This Row],[KPI Score]]<70,1)} -> 1
A9: EMP008 | B9: David | C9: Finance | D9: 400000 | E9: 89 | F9: 97 | G9: Active | H9: {=_xlfn.IFS(Table1[[#This Row],[KPI Score]]>=90,"Excellent",Table1[[#This Row],[KPI Score]]>=70,"Good",Table1[[#This Row],[KPI Score]]<70,"Needs Improvement")} -> Good | I9: {=_xlfn.IFS(Table1[[#This Row],[KPI Score]]>=90,3,Table1[[#This Row],[KPI Score]]>=70,2,Table1[[#This Row],[KPI Score]]<70,1)} -> 2
F12: s

Sheet Control
J3: Count of Employee | K3: HMO Status
A4: Department | B4: Count of Employee | D4: Department | E4: Sum of Salary | G4: Department | H4: Sum of Attendance % | J4: Department | K4: Active | L4: Pending | M4: Grand Total | O4: Row Labels | P4: Sum of KPI Score
A5: Sales | B5: 2 | D5: Finance | E5: 720000 | G5: HR | H5: 197 | J5: Finance | K5: 2 | M5: 2 | O5: HR | P5: 195
A6: Finance | B6: 2 | D6: HR | E6: 600000 | G6: Finance | H6: 193 | J6: HR | K6: 2 | M6: 2 | O6: Finance | P6: 171
A7: HR | B7: 2 | D7: Sales | E7: 390000 | G7: Sales | H7: 169 | J7: Marketing | L7: 1 | M7: 1 | O7: Sales | P7: 112
A8: Operations | B8: 1 | D8: Operations | E8: 280000 | G8: Marketing | H8: 90 | J8: Operations | K8: 1 | M8: 1 | O8: Marketing | P8: 78
A9: Marketing | B9: 1 | D9: Marketing | E9: 240000 | G9: Operations | H9: 72 | J9: Sales | K9: 1 | L9: 1 | M9: 2 | O9: Operations | P9: 45
A10: Grand Total | B10: 8 | D10: Grand Total | E10: 2230000 | G10: Grand Total | H10: 721 | J10: Grand Total | K10: 6 | L10: 2 | M10: 8 | O10: Grand Total | P10: 601

Sheet Dashboard
A34: Total Employee | B34: =COUNTA(HR_Data!A:A)-1 -> 8 | E34: Average Attendance | G34: =AVERAGEA(HR_Data!F:F) -> 72.1
E36: Active HMO Count | G36: =COUNTIF(HR_Data!G:G,"Active") -> 6
A38: Average KPI Score | B38: =AVERAGEA(HR_Data!E:E) -> 66.777778 | E38: Pending HMO Count | G38: =COUNTIF(HR_Data!G:G,"Pending") -> 2

Sheet Notes
A1: 1. Small Excel lesson from today's practice.
A3: I created a Performance column with Excellent, Good, and Needs Improvement, then tried applying the Traffic Light Icon Set. It didn't work.
A5: Turns out Icon Sets only work with numbers, not text. I created a Performance Indicator column (3, 2, 1), and it worked perfectly.
A7: Learning something new every day. 🚀
A9: #Excel #DataAnalytics #LearningInPublic
A12: 2. Dynamic Name Range is a new concept.
A14: Picks new entry and format them automatically
